#,Adoption,Одноосібне усиновлення,"В даний час одиноким людям в нашій країні важко усиновити дитину. Раніше одиноким батькам було важко, але сьогодні їм стало легше поєднувати виховання дитини і кар'єру. Тому для тих, хто хоче мати дитину, але не може знайти або не хоче мати партнера, усиновлення повинно бути спрощено."
#,Adoption_0,Змінити вимоги,"Одинокі люди заслуговують на такі ж права на усиновлення дитини, як і подружні пари. Полегшивши вимоги до усиновлення одинокими батьками, запровадивши дитячі садки та гнучкий робочий графік, одиноким батькам також слід надати можливість виховувати та любити дитину."
#,Adoption_1,Зберегти вимоги,"Усиновлені діти потребують стабільного дому та двох батьків. Хоча деякі одинокі батьки можуть самостійно виховувати дитину, вони часто стикаються з проблемами, що може завдати ще більшої шкоди усиновленій дитині."
#,AgeBasedDrivingTests,Іспити на право керування автомобілем за віком,"Існує пропозиція запровадити регулярні повторні іспити з водіння для літніх людей, щоб переконатися, що вони все ще є безпечними водіями. Це вважається питанням безпеки для зменшення кількості дорожньо-транспортних пригод."
#,AgeBasedDrivingTests_0,Ввести іспити,"Це факт життя, що зір людей з часом погіршується, час їхньої реакції подовжується, і багато літніх водіїв можуть просто становити небезпеку для інших учасників дорожнього руху, особливо для маленьких дітей. Літні водії можуть чинити опір, але для безпеки всіх це потрібно зробити. Тим, хто все ще є безпечними водіями, нічого боятися."
#,AgeBasedDrivingTests_1,Зберегти єдиний іспит,"Чесно кажучи, літні водії – це найменша з наших проблем, коли йдеться про дорожньо-транспортні пригоди. Літні водії рідше поводяться безвідповідально, вживаючи алкоголь або наркотики за кермом, і мають набагато більше досвіду. Змушувати літніх людей доводити, що вони ще можуть водити, – це образа для них. У нас уже є поліція і камери, які виявляють людей, що поводяться безвідповідально за кермом."
#,Airport,Зв'язок з аеропортом,"У столиці планується будівництво нового аеропорту, далеко від центру міста. Що слід використовувати як основне сполучення між аеропортом і центром міста?"
#,Airport_0,Автомобілі,"Громадський транспорт – це добре, але ми знаємо, що люди зазвичай віддають перевагу автомобілям. Давайте побудуємо нову дорогу, що з'єднає аеропорт із центром міста. Ті, хто не водить автомобіль, завжди можуть найняти таксі, щоб дістатися до аеропорту."
#,Airport_1,Автобуси,"Сам аеропорт вже є основною причиною забруднення, а шум не менш шкідливий. Не погіршуймо ситуацію і оберімо добре сплановану систему автобусного сполучення. Це буде ефективно, мало забруднюватиме довкілля і зменшить затори."
#,AirportExpansion,Розширення аеропорту,"Було подано заявку на дозвіл на розширення деяких найбільших аеропортів нашої країни. Просто не вистачає потужностей для кількості рейсів, які хочуть тут приземлитися."
#,AirportExpansion_0,Дозволити плани розширення,"Наш туристичний сектор дуже залежить від авіаперевезень, і якщо ми хочемо розширити туризм, створити більше робочих місць і забезпечити зростання ВВП, ми повинні зробити доступною більшу авіапотужність. Ми маємо діяти зараз, щоб збільшені можливості були вчасно."
#,AirportExpansion_1,Відхилити плани,"Авіаперельоти — це катастрофа для екології: і шумове, і повітряне забруднення створюють проблеми, тому ми не повинні заохочувати авіаподорожі. Крім того, ці плани передбачають знесення безлічі домівок і величезні незручності для людей, які живуть поруч з аеропортами. Відхиліть ці плани!"
#,AirportExpansion_2,Відкласти рішення,"Це складне рішення, але, чесно кажучи, не те, яке ми МУСИМО ухвалювати цього року. Це може здатися дещо нерішучим, але ми можемо просто відкласти його на певний час. Можливо, навіть до наступних виборів?"
#,AllowForeignFightersToReturn,Дозволити повернення іноземних бойовиків,"Дехто з наших релігійних громадян покинув країну, щоб воювати у релігійному конфлікті за кордоном, у війні, яка в багатьох аспектах загрожувала нашим інтересам і безпеці. Ці бої тепер завершилися, і бійці висловили жаль за свої дії та бажання повернутися додому."
#,AllowForeignFightersToReturn_0,Заблокувати повернення бойовиків,"Коли наші громадяни залишають країну, щоб воювати на боці наших ворогів за кордоном, вони втрачають будь-які права на громадянство та проживання тут. За жодних обставин їх не можна впускати назад, навіть для судового процесу. Це було б образою для наших військових і служб безпеки."
#,AllowForeignFightersToReturn_1,Дозволити повернення бойовиків,"Цей принцип важко захищати, але ми повинні прийняти, що наші громадяни залишаються нашими громадянами, навіть коли вони скоюють злочини за кордоном або, як у цьому випадку, беруться за зброю проти нас. Звісно, їх треба притягнути до відповідальності за їхні дії, але ми не можемо позбавляти їх громадянства лише тому, що це нам незручно."
#,AppointAmbassador,Призначити посла в ООН,"Наш посол при ООН цього року виходить на пенсію, і нам потрібно якнайшвидше призначити наступника. Багато розмов буде про те, чи призначимо ми жорсткого дипломата, який відстоюватиме країну, чи того, хто здатен до компромісів."
#,AppointAmbassador_0,Призначити Тонію Робінсон,"Тоня Робінсон добре відома як патріотка, що буде битися зубами й кігтями, аби відстояти наші інтереси в ООН. Її вважають популярним вибором серед патріотично налаштованих і більш консервативних громадян. Вона історично виступала проти іноземної допомоги та підтримувала імпортні тарифи. Міжнародної популярності не має."
#,AppointAmbassador_1,Призначити Денніса Гонсалеса,"Денніс Гонзалес — популярна постать на міжнародній арені з репутацією людини, що вирішує складні проблеми через компроміс і взаєморозуміння. Справжній інтернаціоналіст, він популярний серед лібералів, соціалістів і серед іноземних лідерів."
#,AppointJudge,Призначити старшого суддю,"Один із наших найстарших і найшанованіших суддів помер, і тепер нам потрібно обрати його наступника серед номінованих кандидатів. Ця людина працюватиме в судах дуже довгий час, тому ми повинні зробити правильний вибір."
#,AppointJudge_0,Призначити Едгара Лопеса,"Едгар Лопес був сильним прихильником прав людини, ухваливши багато знакових рішень на користь індивідуальних прав і свобод. Він також вважається про-споживацьким суддею і не боїться кидати виклик великим корпораціям."
#,AppointJudge_1,Призначити Алісу Рід,"Аліса Рід стала відомою в кожній оселі завдяки своїм численним рішенням щодо насильницьких злочинів та своїм часто гучним поглядам про суворі покарання, які, на її думку, мають застосовуватися до злодіїв, грабіжників і крадіїв у магазинах."
#,AttendGayWedding,Відвідати весілля геїв,"Надзвичайно популярна знаменитість виходить заміж, і ви запрошені як один із гостей. Зазвичай це не було б суперечливим, але це одностатева пара, а знаменитість є відомим захисником прав ЛГБТ. Чи відвідаєте ви?"
#,AttendGayWedding_0,Відвідати весілля,"Звісно, ви повинні піти — і зробити це з гордістю, подякувавши за запрошення. Це XXI століття, і люди, які вважають політика гіршим через сексуальну орієнтацію тих, чиє весілля він відвідує, повинні рухатися в ногу з часом. Соромно, що це взагалі є питанням."
#,AttendGayWedding_1,Не відвідувати,"Очевидно, політичний лідер не зобов’язаний відвідувати кожне весілля знаменитості, незалежно від того, як добре він знає наречених. Керування країною — це робота на повний робочий день, і якщо у вас у цей день важливі державні справи, усі зрозуміють, що ви не можете прийти."
#,AttendLGBTPlay,Відвідати виставу ЛГБТ,"Дуже схвально сприйнята й популярна п'єса зараз іде в нашому найкращому театрі. Режисер запросив вас відвідати виставу. Проблема в тому, що п’єса є коментарем до ставлення суспільства до ЛГБТ-спільноти. Відвідування буде сприйнято як вираз сильної симпатії до ЛГБТ-руху."
#,AttendLGBTPlay_0,Відвідати виставу,"Це легка політична перемога, адже відвідування вистави нічого не коштує і не вимагає жодного законодавства, але дає вам змогу виявити інтерес і симпатію до ЛГБТ-спільноти. Було б несмаком відмовитися."
#,AttendLGBTPlay_1,Відхилити запрошення,"Ви не зобов'язані приймати кожне запрошення. Режисер очевидно цинічно намагається використати запрошення, щоб змусити вас продемонструвати підтримку його порядку денного, і це недоречно й маніпулятивно. Не йти на виставу — абсолютно розумне рішення."
#,BAILOUTCOMPANY,Врятувати компанію,"Stargazy Steelworks Inc, один із найбільших металургійних заводів країни, зіткнувся з серйозними фінансовими труднощами й стоїть на межі закриття. Керівники компанії вважають, що зможуть отримати нові замовлення і продовжити роботу, якщо уряд надасть безвідсоткову позику на кілька місяців."
#,BAILOUTCOMPANY_0,Допомогти компанії,"Ця компанія забезпечує роботою тисячі людей, і багато інших компаній, що надають їм послуги, також постраждають, якщо завод закриється. Подумайте лише, як це вплине на місцеву економіку, якщо ми дозволимо цьому підприємству збанкрутувати. Ми повинні надати безподаткову позику."
#,BAILOUTCOMPANY_1,Не робити нічого,"Це називається вільним ринком. Компанія занепадає, тому що вона не є прибутковою. Якби було розумним давати їй гроші в борг — приватний сектор уже б це зробив. Це просто викидання добрих грошей за поганими. Так, буде короткострокове безробіття, але ви не можете боротися з ринком."
#,BAILOUTCOMPANY_2,Придбати частку власності,"Очевидно, ми не хочемо, щоб компанія збанкрутувала, але віддавати кошти платників податків приватному підприємству без будь-якої компенсації — нерозумно. Давайте допоможемо, але в обмін отримаємо міноритарну частку в бізнесі."
#,BakingGayCakes,Випічка весільних тортів для геїв,"Пекарня, якою володіє релігійна пара, була притягнута до суду за дискримінацію після того, як вони відмовилися спекти святковий торт для одностатевої пари на релігійних підставах, з огляду на неприйняття їхньою церквою гомосексуальності. Закон у таких випадках справді потребує уточнення."
#,BakingGayCakes_0,Підтримати пекарів,"Безумовно, це базовий принцип ведення бізнесу — ви можете відмовити клієнту, якого не хочете обслуговувати. Невже ми справді збираємось змушувати людей робити те, що вони вважають блюзнірством, лише щоб не образити клієнта? Це явна провокація, адже є безліч інших пекарень, які з радістю спекли б цей торт."
#,BakingGayCakes_1,Підтримати одностатеву пару,"Дискримінація залишається дискримінацією, незалежно від релігії людини. Це дуже слизький шлях — дозволяти людям відмовляти клієнтам з релігійних причин, навіть якщо це суперечить закону. Вони мають право не схвалювати спосіб життя пари, але не можуть законно відмовляти їм у послузі."
#,BAN ALCOHOL ADVERTS,Заборонити рекламу алкоголю,"Є пропозиція закону про заборону реклами алкоголю на телебаченні. Хоча на радіо, білбордах та інших носіях реклама залишатиметься законною, телебачення може стати потенційним способом зменшення споживання алкоголю нашими громадянами."
#,BAN ALCOHOL ADVERTS_0,Відхилити заборону,"Цей закон — абсурд. Або ви забороняєте продукт, або ні. Алкоголь абсолютно легальний і мільйони людей вживають його без шкоди. Заборона реклами лише на одному носії — це жест для антиалкогольних фанатиків, що не робить нічого, окрім втручання у вільний ринок."
#,BAN ALCOHOL ADVERTS_1,Схвалити заборону,"Це може не зупинити алкоголізм одразу, але заборона реклами на ТБ — крок у правильному напрямку. Рекламодавці стають усе агресивнішими, із тривожними спробами орієнтуватися на молодь. Усе, що може зменшити споживання алкоголю, варто спробувати."
#,BanAnimalTesting,Заборонити випробування на тваринах,"Групи тиску подали пропозицію заборонити всі експерименти над тваринами. Наразі у нас працює чимало людей у галузях, що використовують тваринні тести, але така практика також є дуже непопулярною."
#,BanAnimalTesting_0,Заборонити,"У наш час немає жодної поважної причини тестувати продукти на тваринах, особливо косметику. Методи, що застосовуються, часто надзвичайно жорстокі, а заборона мала б широку підтримку суспільства й незначний вплив на промисловість."
#,BanAnimalTesting_1,Без змін,"Продукцію тестують на тваринах лише для того, щоб упевнитися, що вона не становить небезпеки для людей, і це роблять лише як останній засіб під контрольованими умовами. Якщо ми запровадимо такий радикальний запрет, це сильно вдарить по наших косметичних та фармацевтичних галузях."
#,BanEScooters,Заборонити електроскутери,"Технологічні досягнення та надлишок венчурного капіталу зробили запуск компанії з прокату електросамокатів новою «золотою лихоманкою». У результаті конкуруючі компанії розмістили десятки тисяч цих байків по всіх центрах наших міст. Мешканці обурені безладом, адже їх часто залишають де завгодно на вулицях. Лунають заклики заборонити такі бізнеси."
#,BanEScooters_0,Заборонити оренду електроскутерів,"Це типовий приклад того, як зарозумілі приватні компанії поводяться з громадськими вулицями як із власними складськими площами та вітринами без жодних консультацій із громадськістю. Покинуті велосипеди захаращують наші вулиці, дратуючи і пішоходів, і водіїв. Заборона — єдина розумна відповідь."
#,BanEScooters_1,Нічого не робити,"Це капіталізм у дії й усе незабаром врегулюється само собою. Негайна заборона таких бізнесів — це луддитство та антибізнесовий крок. Хто знає, можливо, це початок золотої епохи зручного транспорту. Якщо люди не захочуть їх орендувати, компанії швидко збанкрутують."
#,BanFaceRecognitionInPublic,Заборонити розпізнавання облич у громадських місцях,"Досягнення в галузі ШІ зробили дешевим і практичним розпізнавання облич за допомогою простих камер на наших вулицях. Теоретично це чудово для виявлення злочинців, але відкриває тему приватності та великих даних. Чи повинні ми втрутитися, щоб запобігти встановленню систем розпізнавання облич по всіх містах, які зберігатимуть невідомо яку інформацію?"
#,BanFaceRecognitionInPublic_0,Заборонити розпізнавання облич,"Ця технологія неймовірна, але лякає. Ми не маємо жодного уявлення, що приватні компанії або майбутні уряди робитимуть з інформацією, яку збирають ці камери. Це вершина держави стеження, що може бути використана для придушення чи отримання прибутку, і ми повинні негайно це зупинити."
#,BanFaceRecognitionInPublic_1,Дозволити розпізнавання облич,"Ніхто не хвилюється, що перехожий може побачити їхнє обличчя, то чому такий скандал через камеру? Якщо ви не розшукуваний злочинець або терорист — у чому проблема? Збір цих даних допомагає боротися зі злочинністю і забезпечує нам дивовижні персоналізовані сервіси. Заборона була б технофобною надмірною реакцією."
#,BanForeignFirmFromITInfrastructure,Заборонити іноземним компаніям доступ до ІТ-інфраструктури,"Оновлення нашої телекомунікаційної інфраструктури вимагатиме закупівлі обладнання у відомої іноземної компанії, що має тісні зв’язки з іноземним урядом із сумнівними мотивами. Експерти з безпеки висловили серйозне занепокоєння, що це підірве нашу безпеку, і закликають додати компанію в чорний список."
#,BanForeignFirmFromITInfrastructure_0,Заборонити іноземним компаніям,"У світі, де суспільство дедалі більше залежить від Інтернету та телекомунікацій, чи справді розумно дозволяти сумнівним іноземним силам фактично контролювати нашу інфраструктуру? Сучасні ІТ-системи настільки складні, що ми ніколи не дізнаємося, що вони могли додати, а в разі конфлікту з цією країною буде надто пізно шкодувати."
#,BanForeignFirmFromITInfrastructure_1,Дозволити використання іноземних компаній,"Це втручання уряду, яке межує з ксенофобією. Було б чудово, якби все критичне обладнання безпеки можна було виробляти вдома за низькою ціною, але в реальному світі нам доводиться купувати за кордоном. Заборона цієї компанії лише зробить нашу інфраструктуру значно дорожчою без помітної користі."
#,Banknotes,Обличчя на нових банкнотах,"Невдовзі буде представлено нові банкноти, і на них потрібно обрати нове обличчя. Почесний архієпископ і відома правозахисниця з нашої країни увійшли до фінального списку, і тепер вам вирішувати, хто буде зображений на нашій валюті в майбутньому."
#,Banknotes_0,Вибрати архієпископа Фернандо Мартінеса,"Архієпископ Фернандо Мартінес був справді святою людиною, дуже надійною й чистою. Його сильна віра могла бути надмірною для лібералів, але він є взірцем для консерваторів. Розміщення його портрета на банкнотах надішле тонкий сигнал про віру нашої країни."
#,Banknotes_1,Вибрати Наталі Гарсія,"Наталі Гарсія завжди була на передовій у захисті прав людини будь-де у світі. Це створило їй проблеми з великими корпораціями, але народ любить і підтримує її. З її портретом на банкнотах ми надсилатимемо світу меседж про свободу та права людини."
#,BanLivestockImports,Заборонити імпорт худоби,"В одній із сусідніх країн офіційно зафіксовано випадок ящуру в худоби. Хоча ймовірність поширення хвороби до нас дуже низька, на вас тиснуть фермерські групи, вимагаючи заборонити імпорт худоби з тієї країни як запобіжний захід."
#,BanLivestockImports_0,Відхилити заборону,Немає жодних статистичних чи наукових підстав для повної заборони імпорту худоби з тієї країни. Спалах добре локалізований і становить мінімальний ризик. Це буде непопулярно за кордоном і виглядатиме як відвертий протекціонізм. Це був би несправедливий та безпідставний embargo на іноземні товари.
#,BanLivestockImports_1,Схвалити заборону,"Ризикувати не варто, яким би малим він не був. Єдиний спосіб боротьби з хворобою — масовий забій худоби, і наша аграрна галузь цього не переживе. Це може здатися надмірною пересторогою, але краще перестрахуватися. Якби ситуація була навпаки, вони вчинили б так само щодо нас."
#,BanNonLEDBulbs,"Заборонити лампочки, що не є світлодіодними","Світлодіодні лампи надзвичайно ефективні — набагато більше, ніж компактні флуоресцентні, і значно більше, ніж лампи розжарювання. Лунають заклики заборонити продаж застарілих ламп, щоб спонукати всіх перейти на LED і зменшити споживання енергії для боротьби зі зміною клімату."
#,BanNonLEDBulbs_0,"Заборонити лампочки, що не є світлодіодними","Більшість людей просто не знають, наскільки просунулися LED-лампи і скільки енергії вони економлять за час роботи. Вони доступні вже роками, але перехід іде надто повільно. Заборона старих технологій — найшвидший спосіб прискорити адаптацію LED, що стане простим кроком у зменшенні викидів CO2."
#,BanNonLEDBulbs_1,Відхилити заборону,"Ще не так давно компактні флуоресцентні лампи були новинкою, а тепер знову тиск на заміну! До того ж витрати на освітлення вже дуже низькі. Це лише додає нових регуляцій за мінімальної користі. Якщо уряд хоче оподаткувати виробництво CO2 — гаразд, але нехай тоді споживач сам вирішує."
#,Ban Tobacco Adverts,Заборонити рекламу тютюну,"Запропоновано закон, що забороняє рекламу тютюну на телебаченні. Хоча реклама залишатиметься легальною на білбордах та інших носіях, заборона на ТБ вважається способом зменшення куріння серед громадян."
#,Ban Tobacco Adverts_0,Відхилити заборону,"Немає 100% доведених доказів, що тютюн настільки шкідливий, як стверджують деякі групи тиску. Мільйони наших громадян насолоджуються палінням без серйозних наслідків, і це приклад «няньківської держави», яка каже людям, як їм жити. Це їхнє тіло та їхнє рішення!"
#,Ban Tobacco Adverts_1,Схвалити заборону,"Куріння щороку вбиває мільйони людей передчасно та є надзвичайно звикальним. Будь-які кроки держави, що зменшують кількість курців та хвороб, пов’язаних із курінням, є позитивними. Люди все ще матимуть право палити, але це зменшить шанси, що наступне покоління підсяде на цю звичку."
#,BLASPHEMY,Богохульство,"Сайт, що став популярним, жорстко критикує релігію, яку сповідує частина нашого суспільства. Релігійні лідери назвали сайт богохульним і вимагають його закриття. Перед урядовими будівлями проходять жорсткі протести з вимогою вжити заходів."
#,BLASPHEMY_0,Заборонити сайт,"Цей сайт надзвичайно образливий, і ми повинні врахувати погляди наших етнічних меншин. Цілком розумно обмежити публікацію матеріалів, які можуть спричинити громадські заворушення. Закрити сайт."
#,BLASPHEMY_1,Не вживати жодних заходів,"Ми не можемо піддатися вимогам невеликої групи екстремістів, які вимагають заборони сайту. Незабаром капіталісти захочуть заборонити онлайн-архіви Карла Маркса. Свобода висловлювати думки, навіть суперечливі, — одна з основних свобод нашого суспільства."
#,ChildLabourLaw,Закон про дитячу працю,"Забагато наших молодих громадян кидають школу рано, щоб піти на низькооплачувану роботу. Дехто навіть прогулює школу, щоб працювати повний день, хоча мав би навчатися. Закон зараз дуже слабкий у частині заборони компаніям наймати неповнолітніх до 16 років на повний робочий день. Запропонований закон зробить злочином свідоме працевлаштування дітей до 16 років більше ніж на 5 годин на тиждень."
#,ChildLabourLaw_0,Криміналізувати дитячу працю,"Ми можемо хоч до посиніння говорити, що діти мають бути в школі, але якщо ми не підкріпимо слова законодавством і загрозою кримінальної відповідальності, вони продовжать прогулювати школу заради грошей. Ми повинні підтримати цей закон заради дітей!"
#,ChildLabourLaw_1,Залишити закон без змін,"Цей закон непотрібний. Діти, які прогулюють школу, навряд чи звертали б увагу на уроки, і вони приносять користь економіці, працюючи. Також ми ризикуємо криміналізувати дрібних підприємців, які можуть не знати вік працівників у разових підробітках."
#,ChildLabourLaw_2,Компроміс,"Аргументи є по обидва боки, тому давайте скомпромісуємо й просто трохи посилимо закон, дозволивши дітям працювати не більше десяти годин на тиждень. Це всіх влаштує, правда?"
#,CHILDRENS FOOD,Дитяче харчування,"Запропоновано закон для регулювання вмісту жиру, солі, цукру та харчової цінності їжі, яку продають дітям, зокрема у фастфуді та школах. Очікується, що це спричинить витрати для продавців їжі."
#,CHILDRENS FOOD_0,Залишити закон без змін,"Не можна втручатися у вільний ринок. Це держава втручається в життя людей. Якщо діти хочуть їсти жирний джанк-фуд, а батьки не проти — політики не мають права втручатися."
#,CHILDRENS FOOD_1,Регулювати дитяче харчування,"Ожиріння — велика проблема, що серйозно впливає на здоров’я людей. Реклама нездорової їжі дітям неприйнятна, і ми маємо ухвалити закон для захисту здоров’я наших громадян у майбутньому."
#,ClimateChangeProtocol,Протокол про зміну клімату,"На конференції ООН із питань клімату підписано новий протокол щодо обмеження викидів парникових газів у промислово розвинених країнах. Наша країна брала участь у перемовинах і торгувалася, щоб не створювати надмірного тягаря на економіку. Утім, ратифікація протоколу може бути дорогою, обмежити зростання ВВП і продуктивність. З іншого боку, експерти стверджують, що це єдиний спосіб врятувати довкілля. Чи ратифікуємо ми протокол?"
#,ClimateChangeProtocol_0,Ратифікувати протокол,"Скорочення викидів парникових газів — необхідний крок, щоб наші діти народжувалися на придатній для життя планеті. Невеликий удар по економіці цілком виправданий заради цієї мети."
#,ClimateChangeProtocol_1,Не ратифікувати,"З огляду на ризики для нашої економіки ми не можемо ратифікувати пропозицію, яка заважає зростанню, продуктивності й добробуту. Інші способи захисту довкілля повинні вистачити на даний момент."
#,ClusterBombBan,Заборона касетних бомб,"Інженерна компанія в нашій країні щойно виграла контракт на виробництво та постачання касетних бомб іншим державам. На цей момент у нас немає специфічного закону, який забороняє компанії виготовляти такі продукти, але широка суспільна дискусія закликає заборонити виробництво касетних бомб у наших кордонах."
#,ClusterBombBan_0,Заборонити касетні бомби,"Касетні бомби спричиняють стільки загибелі мирних людей, що ми не повинні дозволяти виробництво таких видів озброєнь. Це жорстока зброя, і немає жодного виправдання її застосуванню сьогодні. Якщо заборона коштуватиме нам кілька робочих місць — це ціна, яку варто заплатити."
#,ClusterBombBan_1,Відхилити закон,"Дуже легко сказати, що потрібно заборонити виробництво касетних бомб, але що далі? Припинити робити пістолети? Наручники? Це буде кроком до демонтажу всієї нашої оборонної індустрії, що коштуватиме робочих місць і підірве довіру інвесторів. Держава не повинна втручатися в те, яку продукцію виготовляє компанія."
#,CondemnFarLeftDictator,Засудити диктатора крайньої лівиці,"Хоча це може здатися не надто важливим для нашої внутрішньої політики, крайні дії ліворадикального диктатора в іншій країні стали настільки гучною новиною, що медіа очікують, що ви висловите свою позицію — чи засуджуєте ви його дії. Диктатор арештовує опонентів, є повідомлення про публічні страти та побиття на вулицях."
#,CondemnFarLeftDictator_0,Засудити диктатора,"Було б шокуюче промовчати, коли ми чудово знаємо про жахи, що відбуваються в цій країні. Ми зазвичай не втручаємося у внутрішню політику інших держав, але ми не можемо стояти осторонь, коли невинних людей затримують і навіть убивають. Мовчання свідчитиме про відсутність принципів."
#,CondemnFarLeftDictator_1,Відмовитися від коментарів,"Хоч якими жахливими ці події можуть здаватися на перший погляд, але це не наш обов’язок і не наша справа — критикувати внутрішню політику інших країн. Ми не хочемо, щоб лідери інших держав почали втручатися в наші власні справи. Наскільки ми знаємо, люди, яких заарештовують, можуть бути небезпечними терористами."
#,CondemnRefuseStrike,Засудити Відмовитися від страйку,"Працівники служби вивезення сміття страйкують через суперечку щодо зарплати. Сміття починає накопичуватися на вулицях, і люди цілком зрозуміло незадоволені. Страйк є законним, але виникають занепокоєння щодо здоров’я і тиск на вас, аби ви прокоментували ситуацію."
#,CondemnRefuseStrike_0,Підтримати страйкарів,"Це фундаментальне право всіх працівників — відмовитися від роботи під час законного трудового спору. Якщо люди так сердяться через сміття на вулицях, то, можливо, вони усвідомлять, наскільки важливою є праця цих людей, і погодяться, що тим, хто виконує таку непривабливу роботу, слід платити більше."
#,CondemnRefuseStrike_1,Засудити страйк.,"Це не є розумним способом вимагати вищої зарплати. Це загроза здоров’ю, і ми повинні розглянути можливість замінити цих працівників іншими людьми, якщо це потрібно. Це не більше ніж екстремістська профспілка, яка намагається створити незручності, щоб виштовхати собі несправедливу зарплату, яку мають оплачувати звичайні люди. Ця робота не є висококваліфікованою, і поточна зарплата цілком прийнятна."
#,CONTROVERSIAL MARCH,Суперечливий марш,"Праворадикальна політична група планує марш у нашій столиці. Група має сильні расистські нахили, і поліція впевнена, що якщо марш відбудеться, то стануться насильницькі сутички між учасниками маршу та людьми, які прийдуть їм протистояти. Поліція рекомендує заборонити марш."
#,CONTROVERSIAL MARCH_0,Заборонити марш,"Поліція надала достатньо вагомих причин, щоб заборонити цей марш. Ми маємо враховувати думку більшості нашого суспільства, яка не хоче й не потребує насильства та проблем, які цей марш спричинить. Свобода слова не означає свободу влаштовувати заворушення. Заборонити цей марш."
#,CONTROVERSIAL MARCH_1,Дозволити марш,"Однією з базових свобод у нашому суспільстві має бути право на вільне зібрання та висловлення політичної позиції, навіть якщо це непопулярна або меншістю підтримувана думка. Учасники маршу лише висловлюють свої погляди, а опоненти можуть організувати мирний протест. Це незручна ситуація, але заборона політичної демонстрації — це дуже диктаторський крок."
#,CorporateManslaughter,Закон про корпоративне вбивство,"Пропонується новий закон, який дозволить притягати корпоративну структуру до відповідальності за ненавмисне вбивство, якщо вона була визнана винною у неналежній поведінці, що призвела до загибелі людей."
#,CorporateManslaughter_0,Прийняти закон,"Цей закон необхідний, щоб стримувати компанії від нехтування безпекою своїх працівників і громадськості. Забагато людей щороку гине внаслідок виробничих аварій, і часто не робляться висновки, не покладається провина. Цей закон стане кроком уперед у корпоративній відповідальності."
#,CorporateManslaughter_1,Заблокувати цей закон,"Цей закон неможливо виконувати. Оскільки великі компанії наймають багато субпідрядників, юридична складність встановлення провини за аварії є значною. Закон може бути добре задуманий, але на практиці це буде дорогий і марний процес, який лише збагатить юристів і не матиме реального впливу на поведінку компаній."
#,CorporateMedicalMarketing,Корпоративний медичний маркетинг,"Багато років деякі фармацевтичні компанії давали гроші та інші винагороди лікарям, які призначали їхні препарати, навіть коли ці препарати іноді не були потрібні або не були найкращим вибором. Це почастішало останніми місяцями, і хоча фізичної шкоди поки не завдано, це лише питання часу, коли щось піде не так."
#,CorporateMedicalMarketing_0,Не вживати жодних заходів,"Це відбувається вже багато років, і нічого не сталося. Очевидно, немає потреби втручатися і нав’язувати регулювання цим компаніям. Зрештою, фарміндустрія — багатий і впливовий бізнес; якщо інші компанії вважають, що їхній продукт кращий, вони можуть робити те саме."
#,CorporateMedicalMarketing_1,Ввести регулювання,"Це необхідно зупинити, адже життя пацієнтів опиняється під загрозою, і неприпустимо, щоб лікарі призначали ліки, керуючись власною фінансовою вигодою, а не потребами пацієнтів. Буде запроваджено регулювання, яке заборонить фармкомпаніям будь-яким чином фінансово впливати на лікарів."
#,DebtProtectionLaw,Закон про захист від боргів,"Агентства зі стягнення боргів потрапили в новини через агресивні методи, які вони використовують для того, щоб змусити людей сплатити великі суми. Ці агентства надають кредити тим людям, яким великі, більш респектабельні компанії не дають позик. Пропонується закон, який обмежить методи роботи таких агентств."
#,DebtProtectionLaw_0,Обмежити діяльність агентств,"Ці агентства наживаються на найслабших і найбідніших у нашому суспільстві, часто заманюючи їх у позики з гігантськими відсотками, які ніколи неможливо повернути. Це практично рекет, і уряд має негайно вжити заходів та жорстко обмежити діяльність таких безпринципних компаній."
#,DebtProtectionLaw_1,Дозволити агентствам працювати,"Ніхто не змушує людей позичати гроші, які вони не можуть повернути, і обмеження прав боргових агентств на стягнення законних боргів буде контрпродуктивним. Люди мають навчитися жити за своїми можливостями й не очікувати, що держава витягуватиме їх із біди."
#,DecryPaydayLoanCompany,"Засудити компанії, що надають позики до зарплати","Компанії короткострокових або ""payday"" кредитів пропонують позики за надзвичайно високими відсотковими ставками і націлюються на найбідніших у суспільстві через їхню відсутність доступу до звичайних кредиторів. Деякі споживчі активісти вимагають, щоб уряд висловився з цього приводу."
#,DecryPaydayLoanCompany_0,Критикувати позики,"Безумовно, неприйнятно, що саме найуразливіші отримують кредити за найвищими ставками. Ці компанії цинічно використовують обмежені можливості бідних людей, заганяючи їх у боргову пастку назавжди. Щонайменше ми повинні відкрито критикувати їхню бізнес-модель."
#,DecryPaydayLoanCompany_1,Не коментувати,"Ці кредитори ведуть абсолютно легальний бізнес, який просто обслуговує певний ринок. Звісно, клієнти з дуже високим ризиком мають сплачувати вищі відсотки — це цілком логічно. До того ж краще мати легальних і регульованих кредиторів «до зарплати», ніж дозволити кримінальним лихварям захопити цей ринок."
#,DeliveryDrones,Дрони для доставки,"Міжнародний ритейлер хоче запровадити доставку вантажів автономними квадрокоптерами. Громадськість захоплена цією ідеєю, але профспілки сильно критикують її, прогнозуючи втрату робочих місць і аварії. Ритейлер запросив дозвіл на запуск пілотного проєкту, а чинне законодавство не охоплює комерційні дрони."
#,DeliveryDrones_0,Дозволити дрони для доставки,"Пілотна програма не пропонуватиме доставку клієнтам, лише пересування вантажів між двома складами. Технологія достатньо безпечна для цього."
#,DeliveryDrones_1,Заборонити дрони для доставки,"З поліцейськими та військовими дронами публічний повітряний простір уже перевантажений. Приватні дрони без потреби збільшать ризик аварій, пов’язаних із дронами."
#,DeliveryDrones_2,Дозволити обмежені випробування,"Не варто поспішати. Можливо, краще дозволити обмежені випробування на рік чи два, щоб подивитися на результат."
#,DisguisedEmploymentLaw,Закон про приховане працевлаштування,"Останніми роками значно зросла кількість бізнесів «гіг-економіки» з нульовими годинами роботи, таких як сервіси таксі через додатки, і законодавство не встигає за цим. Деякі активісти стверджують, що це приховане працевлаштування, створене для уникнення оплачуваних відпусток та лікарняних, і що такі компанії мають розглядатися як звичайні роботодавці."
#,DisguisedEmploymentLaw_0,Оголосити роботу в гіг-економіці прихованим працевлаштуванням,"Ці компанії по суті є високотехнологічними службами таксі та доставки, які користуються лазівкою, щоб не платити лікарняні, пенсійні внески та інші базові гарантії. Це несправедлива конкуренція для тих, хто дотримується духу закону. Посилення регулювання забезпечить чесну конкуренцію."
#,DisguisedEmploymentLaw_1,Залишити чинне регулювання без змін,"Це просто так працює вільний ринок. Новий бізнес-модель, яка забезпечує надзвичайно гнучку зайнятість тисячам людей і дозволяє наддешеве таксі та доставку їжі, просто перевершила старі компанії. Працівники повністю вільні вимкнути додаток або працювати на конкурентів, тому цілком справедливо казати, що це не звичайне працевлаштування."
#,DNADatabase,База даних ДНК,"Керівництво поліції просить дозволу створити глобальну базу ДНК усіх людей, щоб допомогти у боротьбі зі злочинністю. Докази на основі ДНК дозволяють розкрити багато раніше нерозв’язних злочинів, хоча є занепокоєння щодо приватності."
#,DNADatabase_0,Дозволити базу даних,"Це може стати неоціненним інструментом у боротьбі зі злочинністю. Надто довго злочинці могли уникати відповідальності, і з доказами ДНК ми можемо суттєво скоротити час, який поліція витрачає на виявлення вбивць і ґвалтівників. Якщо людям нема чого приховувати, вони не можуть виступати проти такого заходу."
#,DNADatabase_1,Заборонити базу даних,"Це фундаментальне порушення прав людини наших громадян. Ми повинні зберігати презумпцію невинуватості, і створення «великого брата» у вигляді бази даних усіх громадян змусить кожного відчути себе злочинцем. Невже ми справді збиратимемо ДНК у всіх людей під загрозою ув’язнення?"
#,DNADatabase_2,База даних тільки для злочинців,"Займімо практичну позицію. ДНК, отриману у підозрюваних, можна зберігати безстроково у базі поліції, але не повинно бути масового збору ДНК невинних людей, якщо вони не були висунуті в обвинувачення."
#,EndLifeRecyclingLaw,Закон про рециклінг кінця життя,"Одним із мінусів споживацького суспільства є те, що так багато товарів просто викидають на звалище наприкінці їхнього терміну служби. Одним із рішень є заохочення людей до переробки, але останнім часом з’явився заклик перекласти цей тягар на виробників великої побутової техніки, надавши їм юридичний обов’язок приймати старі вироби та переробляти їх."
#,EndLifeRecyclingLaw_0,Прийняти закон,"Ми не можемо продовжувати просто викидати дедалі більше речей у ями в землі і сподіватися, що вони зникнуть. Переклавши тягар переробки на компанії, ми заохотимо їх розробляти продукти, які легко й дешево переробляти, і це вигідно всім."
#,EndLifeRecyclingLaw_1,Відхилити закон,"Це звучить просто в теорії, але це накладе величезний тягар на компанії й виробників у нашій країні. Ми не можемо змусити закордонних виробників виконувати це, отже ми просто створюємо безглузде регуляторне навантаження на нашу власну індустрію."
#,EXTRADITE TERROR SUSPECT,Екстрадувати підозрюваного в тероризмі?,"Країна Близького Сходу, з якою у нас немає офіційної угоди про екстрадицію, попросила видати їй іммігранта, який живе тут, щоб він поставав перед звинуваченнями у тероризмі. Вони звинувачують його у відповідальності за вибухи автомобілів у їхній столиці, але єдиний доказ — це зізнання інших підозрюваних у тероризмі, які могли бути зроблені під «тиском»."
#,EXTRADITE TERROR SUSPECT_0,Екстрадувати підозрюваного,"Ми повинні негайно відправити цього терориста назад до його країни. Можливо, є невеликі побоювання щодо їхньої судової системи, але вони борються з терористами, і якби ситуація була зворотною, ми були б обурені відмовою видати терориста. Зараз не час бути занадто чутливими щодо методів допиту."
#,EXTRADITE TERROR SUSPECT_1,Залишити його тут,"Якщо ми екстрадуємо цього чоловіка, є ймовірність, що він зіткнеться зі смертною карою. Ми не можемо знати, чи отримає він справедливий суд, і ми не можемо бути впевнені, що це правильна людина. Ми не можемо видавати людей лише на підставі слів іноземного уряду — ми маємо бачити докази злочину, перш ніж, можливо, відправимо людину на смерть."
#,FactoryFarming,Закон про промислове тваринництво,"Компанії із захисту морського середовища закликають підписати міжнародні закони, що обмежують кількість певних видів риби, які можуть бути виловлені нашими рибалками протягом календарного року. Це спроба зберегти життєздатність рибних запасів для майбутніх поколінь."
#,FactoryFarming_0,Встановити більш суворі стандарти,"Настав час зробити щось, щоб гарантувати, що тварини не страждають в умовах інтенсивного фермерства. Більшість людей були б шоковані, якби побачили умови, в яких утримують деяких тварин. Такі стандарти призведуть до дорожчої їжі, але люди були б готові платити більше, якби знали, у яких умовах тварин утримують зараз."
#,FactoryFarming_1,Залишити без змін,"Ніхто не змушує людей купувати оброблене м'ясо з найдешевшого джерела. Є органічні та вільновигульні продукти, але вільний ринок чітко показує, що люди не готові платити більше за зміну умов добробуту тварин. Це уряд втручається в ринок, щоб задовольнити кількох активістів."
#,FishingQuota,Квоти на риболовлю,"Групи з охорони морського середовища закликають нас підписати міжнародні закони, що обмежують кількість певних видів риб, які наші рибалки можуть виловлювати протягом календарного року. Це спроба зберегти життєздатність рибних запасів для майбутніх поколінь."
#,FishingQuota_0,Погодитися з квотами,"Це просто здоровий глузд. Сучасні технології зробили надто дешевим і легким вилов величезної кількості риби, що знижує ціни та створює небезпечне виснаження популяцій. Це може бути непопулярно серед рибалок у короткостроковій перспективі, але в довгостроковій ми повинні думати про морське середовище. Екологічні групи рекомендують підписати закон."
#,FishingQuota_1,Відхилити квоти,"У теорії це звучить дуже розумно, але на практиці — чи хочемо ми віддавати контроль над нашою рибальською економікою якомусь міжнародному органу? І хоча ми можемо бути впевнені, що наші рибалки дотримуватимуться угоди, як ми можемо бути певні, що іноземні рибалки робитимуть те саме? Підписання цього закону — ще один цвях у домовину рибальської галузі, і це коштуватиме робочих місць! Відхилити закон!"
#,FlagBurning,Закон про спалювання прапора,"Було запропоновано зробити спалювання прапора нашої нації окремим кримінальним правопорушенням. Патріоти стурбовані тим, що люди розпалюють антиурядову істерію, публічно спалюючи прапор нашої нації, при цьому поліція безсила."
#,FlagBurning_0,Заборонити спалювання прапора,"Багато людей ображає сама думка, що хтось може спалювати прапор своєї нації. Прапор не представляє конкретну політичну партію, він представляє країну. Спалювання прапора — глибоко непатріотичний акт, і ті, хто це робить, взагалі не повинні бути в цій країні."
#,FlagBurning_1,Дозволити спалювання прапора,"Ми не можемо називати себе вільним суспільством і водночас заперечувати право людей, які виступають проти нашого уряду, виражати свою позицію, навіть якщо це означає спалювання прапора. Врешті-решт прапор — це просто шматок тканини, і як ми можемо зробити кримінальним злочином спалювання шматка тканини?"
#,ForeignPresident,Візит іноземного президента,"Президент країни з швидкозростаючою економікою запросив вас на офіційний державний візит. Візит може бути чудовою можливістю для розвитку торгівлі з цією країною, що буде корисно для робочих місць, але ситуація з правами людини там украй сумнівна."
#,ForeignPresident_0,Відхилити пропозицію,"Цей іноземний лідер має жахливу репутацію щодо прав людини та ставлення до меншин у своїй країні. У разі вашого візиту буде широкий резонанс серед етнічних меншин, правозахисних організацій тут і в міжнародній спільноті, адже це фактично виглядатиме як підтримка жорстокої політики цієї людини."
#,ForeignPresident_1,Прийняти пропозицію,"Візит має відбутися. По-перше, це буде чудово для економіки, потенційно створить робочі місця серед тих самих меншин, які виступають проти візиту, а по-друге, ми не можемо впливати на поведінку інших країн, якщо навіть відмовляємося зустрічатися з їхніми лідерами."
#,Fracking,Фрекінг,"Гідравлічний розрив пластів, більш відомий як «фрекінг», — це технологія буріння, яка дозволяє енергетичним компаніям добувати раніше недоступні запаси сланцевого газу. Технологія відносно нова і потребує дозволу уряду. З одного боку, вона відкриває величезні потенційні джерела енергії, з іншого — існують серйозні екологічні ризики."
#,Fracking_0,Дозволити фрекінг,"Цей законопроєкт дасть зелене світло енергетичним компаніям проводити комерційний фрекінг на нашій території. Це чудова новина для споживачів, адже це знизить ціни на енергію та зменшить нашу залежність від імпортованої нафти й газу. Плюс економічний стимул. Що тут може не подобатися?"
#,Fracking_1,Заборонити фрекінг,"Фрекінг несе низку небезпек, зокрема можливість зв’язку з землетрусами та дуже реальний ризик забруднення водопостачання, адже він включає закачування величезних обсягів небезпечних хімікатів у породу під високим тиском. Крім того, це черговий спосіб продовжити нашу залежність від все більш виснажених, кліматично шкідливих викопних ресурсів."
#,Freedomofinformation,Свобода інформації,"Лунають заклики ухвалити закон, який збільшить доступність інформації, що зберігається у базах даних про громадян без їхнього відома. Це стосується даних приватних медичних компаній, страхових компаній, боргових агентств, а також інформації, яку зберігають державні органи."
#,Freedomofinformation_0,Відхилити пропозицію,"Нікому не подобається ідея, що уряд зберігає інформацію про них, але іноді це необхідно. Уряд не намагається шпигувати за всіма, але ухвалення цього закону лише ускладнить роботу спецслужб у спостереженні за серйозними злочинцями та терористами. Це також вплине на велику кількість бізнесів, які мають бази даних клієнтів, і які будуть завалені додатковою бюрократією."
#,Freedomofinformation_1,Запропонувати закон про свободу,"Край важливо ухвалити цей закон, адже це один із механізмів стримування та противаг, необхідних у справді вільному суспільстві. Звичайний законослухняний громадянин не повинен бути об'єктом таємного стеження з боку транснаціональних корпорацій із комп’ютерними базами даних, а потенціал зловживань з боку державних структур є величезним, якщо громадянин не може бачити, яку інформацію про нього зберігають."
#,GayAdoption,Усиновлення дітей гомосексуалами,"Зараз триває дуже розголошена судова справа, у якій одностатева пара стверджує, що їх дискримінують, бо вони так довго чекають на можливість усиновлення дитини. Пора дати суспільству зрозуміти, на чиєму ви боці."
#,GayAdoption_0,Підтримати усиновлення дітей гомосексуалами,"Неймовірно боляче думати, що люблячу пару, яка відчайдушно хоче усиновити дитину, можуть так дискримінувати державні службовці. Ми повинні на законодавчому рівні закріпити принцип, що одностатеві пари повинні отримувати таке саме ставлення з боку служби усиновлення, як і всі інші."
#,GayAdoption_1,Виступити проти усиновлення дітей гомосексуалами,"Очевидно, що найважливішим є добробут дитини, а не догоджання політичним групам чи рухам. Простий факт полягає в тому, що дитині краще виховуватися матір’ю і батьком. Абсолютно справедливо, що гетеросексуальні пари отримують пріоритет у службі усиновлення."
#,GenderNeutralRestrooms,Гендерно нейтральні туалети,"Існує кампанія за зміну закону, щоб забезпечити, що всі приміщення понад певний розмір мають створювати гендерно-нейтральні туалети, якими небінарні громадяни можуть користуватися без страху переслідування."
#,GenderNeutralRestrooms_0,Вимагати гендерно нейтральні туалети,"Ця пропозиція була б непотрібною, якби суспільство було толерантнішим до небінарних людей, але, на жаль, вони стикаються з переслідуванням і дискримінацією, тож потрібно щось робити. Це зовсім небагато, щоб забезпечити безпечне середовище для всіх, незалежно від гендеру."
#,GenderNeutralRestrooms_1,Не вносити змін,"Ця пропозиція смішна і фактично є догоджанням мізерному відсотку населення. Такі зміни коштуватимуть бізнесу величезних грошей і є класичним прикладом того, як уряд втручається там, де це не потрібно. Хіба ми не можемо просто дозволити людям самим вирішувати, яким туалетом користуватися?"
#,GMFood,Пропозиція щодо генетично модифікованих продуктів,"Ряд великих аграрних компаній зацікавлені у вирощуванні генетично модифікованих (ГМ) продуктів на нашій землі. Деякі продукти можуть бути генетично змінені для збільшення терміну зберігання, а також для стійкості до хвороб і гербіцидів. Противники занепокоєні потенційними ризиками зміни харчового ланцюга. Фермери розділені в поглядах."
#,GMFood_0,Дозволити ГМО-культури,"ГМ-культури мають величезні потенційні переваги. Вони не лише збільшують термін зберігання і знижують витрати продавців, але й можуть зменшувати потребу в пестицидах, а це означає менше шкідливих хімікатів під час виробництва. Також можна створювати продукти з іншими перевагами, як-от підвищеним вмістом вітамінів."
#,GMFood_1,Заборонити продаж ГМО-продуктів,"ГМ-продукти нам не потрібні. Вони дають великі вигоди виробникам, але не споживачам. Ми просто не знаємо достатньо про довгострокові наслідки генетичного втручання в харчовий ланцюг. Наука — це добре, але після потрапляння в довкілля ці організми неможливо відкликати. Ми повинні діяти зараз, щоб захистити харчовий ланцюг."
#,Hackers,"Хакери, які порушують критичні системи","Група експертів-хакерів зламала критичні системи наших комп’ютерних мереж, включаючи електростанції та банківський сектор. Група виступила публічно і зізналася у зламі, вказавши на небезпечні вразливості та запропонувавши шляхи їх вирішення. Компанії та служби безпеки перебувають у стані підвищеної готовності й вимагають дій."
#,Hackers_0,Арештувати цих злочинців,"Злам цих систем міг спричинити катастрофу. Вразливості потрібно виправити якомога швидше і заарештувати хакерів, інакше інші хакери спробують повторити це заради слави, створюючи величезний тиск на наші мережі."
#,Hackers_1,Найняти їх,"Ці хакери, здається, найкращі у своїй сфері, тому вони ідеально підходять для того, щоб забезпечити безпеку наших систем і розробити нові методи запобігання подібним інцидентам у майбутньому. Компаніям і державним службовцям це може не сподобатися, але безпека — передусім."
#,HOSTAGE SITUATION,Ситуація із заручниками,"Група релігійних екстремістів захопила заручників під дулом зброї та погрожує вбити їх, якщо не будуть виконані їхні вимоги щодо зовнішньої політики. Вимоги не такі вже радикальні, але погоджуватися може бути небезпечно."
#,HOSTAGE SITUATION_0,Поступитися вимогам,"Найкраще, що ми можемо зробити, — це проявити розсудливість і принаймні частково піти на поступки їхнім вимогам. Так ми гарантуємо, що ніхто не постраждає і ситуація не вийде з-під контролю. Надмірно жорсткі дії лише спричинять расову напругу."
#,HOSTAGE SITUATION_1,Надіслати поліцію,"Переговорів із захоплювачами заручників не ведуть. І крапка. Інакше це відкриє шлях до повного хаосу. Це сумно для заручників, але ми маємо штурмувати будівлю просто зараз і спробувати їх звільнити. Якщо це означає стріляти в терористів і втратити кількох заручників — це та ціна, яку доведеться заплатити."
#,HousingExpansion,Розширення житлового фонду,"У нашій країні бракує житла, і на уряд чинять тиск, щоб він послабив законодавство і дозволив забудову раніше захищених земель «зеленого поясу»."
#,HousingExpansion_0,Послабити закон про планування,"Ціни на житло зростають набагато швидше, ніж заробітки, головним чином через нестачу пропозиції. У довгостроковій перспективі єдиний вихід — будувати більше житла. Немає сенсу будувати там, де немає роботи, і якщо це означає забудову невеликої частини земель «зеленого поясу», то це ціна, яку ми повинні заплатити."
#,HousingExpansion_1,Зберегти обмеження щодо планування,"Завжди є тиск щодо будівництва житла на незайманих територіях, адже забудовникам дешевше й простіше це робити. Є багато міських ділянок, які повинні бути повторно використані перш ніж ми почнемо розрізати сільську місцевість. Раптове розширення забудови зеленого поясу матиме жахливий вплив на сільські громади."
#,HUNGER STRIKE,Голодування,"Засуджений терорист оголосив голодування, вимагаючи дозволити йому побачення з людьми, яких вважають пов'язаними з терористичними групами. У нас недостатньо доказів, щоб заарештувати його соратників, і зараз ми забороняємо всі відвідування для цього ув'язненого, але схоже, що він справді готовий голодувати до смерті."
#,HUNGER STRIKE_0,Дозволити відвідування,"Ми можемо не любити цю людину й те, за що він стоїть, але ми не можемо дозволити йому померти в камері. Це знизить нас до рівня терористів і майже напевно зробить із нього мученика. Ми повинні дозволити йому відвідування під час ув’язнення."
#,HUNGER STRIKE_1,Заборонити відвідування,"З терористами не ведуть переговорів. Все просто. Вони сприймуть будь-яке послаблення правил як знак слабкості. Якщо він помре у в'язниці — це його вибір, і нас це не повинно хвилювати."
#,IllegalImmigrationAmnesty,Амністія нелегальних іммігрантів,"Усі знають, що в нашій країні є нелегальні іммігранти. Є пропозиція надати чинним іммігрантам амністію і прийняти їх як повноправних громадян, які можуть працювати і платити податки, як усі інші."
#,IllegalImmigrationAmnesty_0,Відмовити в амністії,"Амністія може здаватися привабливою з огляду на податки й законність, але вона подає жахливий сигнал. Люди, які порушили наші закони і прибули сюди нелегально, ніколи не повинні отримати нагороду за це. Це лише призведе до ще більшої нелегальної імміграції від тих, хто сподіватиметься отримати те саме."
#,IllegalImmigrationAmnesty_1,Запропонувати амністію,"Незалежно від того, наскільки жорсткою чи м'якою є наша імміграційна політика, це не змінює статус тих, хто вже тут. Багато нелегальних іммігрантів працюють і живуть тут роками, і з економічного погляду, і для соціальної згуртованості логічно надати їм громадянство. Це означає менше роботи «в тіні» і більше податків — подвійна вигода."
#,ImprovedTenancyRights,Покращення прав орендарів,"Поточна пропозиція передбачає збільшення прав орендарів у зйомному житлі. Страх бути раптово виселеним, або отримати підвищення оренди до непосильних сум, або чекати вічність на ремонт робить орендоване житло вкрай небажаним, і орендарі вимагають дій."
#,ImprovedTenancyRights_0,Зберегти поточні права,"Ринок оренди — це хороший приклад вільного ринку, де орендодавці змагаються за найкращих орендарів, а орендарі можуть обирати житло за ціною, локацією та репутацією. Тут немає потреби у додатковому обтяжливому законодавстві. Якщо орендарі вважають, що орендодавець надає поганий сервіс, вони можуть просто переїхати в інше житло."
#,ImprovedTenancyRights_1,Покращення прав орендарів,"Багато людей просто не можуть дозволити собі депозит для купівлі житла й вимушені орендувати все життя. Відсутність належного захисту від випадкових виселень чи підвищень оренди означає, що ці люди ніколи не мають спокою та стабільності, якими користуються власники житла. Орендодавцям, які сумлінно виконують свої обов’язки, нема чого боятися від розумних покращень законодавства."
#,IncreasedSchoolInspections,Збільшення кількості шкільних інспекцій,"Існують побоювання, що стандарти освіти падають, і що чинна система перевірки методів викладання та шкіл є недостатньою. Активісти пропонують посилити систему значно частішими інспекціями."
#,IncreasedSchoolInspections_0,Збільшити кількість інспекцій,"Освіта — це послуга як і будь-яка інша, і надзвичайно важливо, щоб батьки знали, за що вони платять або які послуги отримують за свої податки. Гарні вчителі не мають боятися додаткової перевірки. Який батько був би проти кращої перевірки того, як навчають їхніх дітей?"
#,IncreasedSchoolInspections_1,Зберегти чинну систему,"Навчати дітей і так достатньо складно, не кажучи вже про низьку оплату та виконання роботи відданими професіоналами. Ця пропозиція просто додасть ще більше бюрократії та забере ще більше часу від реального навчання. Це образливо — натякати, що віддані працівники публічного сектору, як-от вчителі, потребують додаткового нагляду."
#,InternetTracking,Відстеження в Інтернеті,"Зростаюча здатність великих корпорацій використовувати бази даних клієнтів і «великі дані» для аналізу поведінки споживачів викликає занепокоєння щодо приватності. Компанії стверджують, що ці дані часто є анонімними й використовуються лише для покращення сервісу, тоді як активісти вважають, що великі безликі корпорації створюють «великого брата» без згоди споживачів."
#,InternetTracking_0,Заборонити відстеження,"Така поведінка — не що інше як моторошність, а також потенційний ризик крадіжки особистих даних. Компанії чудово працювали всі ці роки без відстеження та зберігання інформації про кожне рішення клієнта й можуть і далі обходитись без цього. Люди мають право купувати речі, не будучи при цьому «цифрово переслідуваними»."
#,InternetTracking_1,Дозволити відстеження,"Противники інтернет-трекінгу роблять це звучним набагато зловіснішим, ніж є насправді. Мова лише про дозвіл компаніям зберігати коректні дані про споживчі вподобання, аби створювати кращі продукти й ефективніше таргетувати рекламу. Це нешкідливо і важливо для сучасної економіки. Немає реального запиту щодо державного втручання."
#,InternetTracking_2,Попередити користувачів,"Заборона трекінгу заходить надто далеко, але важливо, щоб громадяни знали, коли їх відстежують. Можливо, система зручних попапів при відвідуванні сайту, які сповіщають, що триває трекінг, є найкращим рішенням."
#,KeepRuralBanks,Зберегти сільські банки,"У міру того, як все більше людей переходять на телефонний або інтернет-банкінг, великі банки закривають свої маленькі сільські відділення. Ці відділення все ще використовуються багатьма літніми людьми у сільських громадах, і активісти хочуть, щоб уряд змусив банки залишити ці відділення відкритими."
#,KeepRuralBanks_0,Змусити банки залишатися відкритими,"Для молодших людей банківські відділення можуть здаватися зайвими, але багато літніх громадян все одно віддають перевагу своїм локальним банкам, які також є важливою частиною сільської громади. Закриття місцевих банків стане важким ударом для маленьких громад і його краще уникнути."
#,KeepRuralBanks_1,Дозволити банкам закриватися,"Це не 1900-ті! Ідея, що нам все ще потрібні фізичні банки у віці Інтернету, смішна. Рано чи пізно всі громадяни звикнуть до користування інтернетом. Крім того, чи справедливо змушувати акціонерів банку підтримувати збиткові відділення?"
#,Laborday,Святкування Дня праці,"Ведуться підготовки до святкування наступного Дня праці. Традиційно ви мали б виступити з промовою перед профспілками, але вас також запросили на церемонію відкриття нового промислового комплексу іноземних інвесторів, який зміцнить економіку регіону та створить багато низькооплачуваних робочих місць."
#,Laborday_0,Виступити з промовою перед профспілками,"День праці — це день робітничого класу та їхніх профспілок, виступ перед ними — традиція і велика честь. Робітники стикаються з багатьма труднощами в ці нестабільні часи й потребують запевнень від уряду, що ми на їхньому боці та що збереження їхніх робочих місць — пріоритет."
#,Laborday_1,Приєднатися до іноземних інвесторів,"Хоча дуже важливо реагувати на потреби профспілок, також важливо створювати нові робочі місця, а ключем до цього є іноземні інвестори. Відвідавши їхній захід, ми покажемо вдячність і заохотимо їх та інші країни інвестувати більше. Наступного року ми повернемось до профспілок."
#,LayWreathForGeneral,Покласти вінок генералу,"Один з наших найдосвідченіших військових генералів помер, і вам потрібно вирішити, чи покласти вінок на його похоронах. Генерал був безперечно героєм, але наприкінці кар’єри його переслідували звинувачення в расизмі, мізогінії та булінгу."
#,LayWreathForGeneral_0,Покласти вінок,"Вшановуючи цю людину на похороні, ми не виправдовуємо те, ким він став пізніше, а просто висловлюємо повагу тому, хто був готовий ризикувати життям заради країни. Не покласти вінок — це дешеве чеснотництво, яке образить наших військових і зганьбить їхню форму."
#,LayWreathForGeneral_1,Не класти вінок.,"Поведінка цього чоловіка в останні роки його кар’єри є непробачною, незалежно від того, що він зробив раніше. Видиме вшанування людини, яка поводилася настільки погано, покаже зневагу до етнічних меншин, жінок та тих, кого він переслідував і принижував. Ми не можемо демонструвати підтримку такій поведінці."
#,LGBTLessonsInSchool,Уроки про ЛГБТ у школі,"Статеве виховання в школах завжди є політичним футбольним м’ячем, і зараз знову в центрі уваги — питання про навчання дітей існуванню одностатевих пар та стосунків. Ви маєте вирішити, чи підтримуєте включення ЛГБТ-тем у шкільну програму."
#,LGBTLessonsInSchool_0,Підтримати викладання про ЛГБТ,"Сенс школи — освіта та підготовка дітей до реального життя, і, очевидно, одностатеві стосунки є частиною суспільства. Уявіть дитину, яка сумнівається у своїй сексуальності. Хіба не краще, щоб вона почула правду від учителів, а не від релігійних діячів чи батьків із крайніми поглядами?"
#,LGBTLessonsInSchool_1,Виступити проти викладання про ЛГБТ,"Хіба діти не достатньо розгублені та перевантажені питаннями сексу та стосунків, перш ніж ми почнемо нав’язувати їм «екстремальну ліберальну» пропаганду про гендерну плинність? Школа не місце для таких дебатів, а школярі надто юні, щоб сумніватися у своїй гендерній ідентичності."
#,Merger,Злиття,"Велика інтернет-компанія оголосила плани викупити одного зі своїх головних конкурентів. Для цього потрібне схвалення уряду, і якщо злиття відбудеться, воно створить одну з найбільших компаній у країні."
#,Merger_0,Дозволити злиття,"Немає жодної вагомої причини перешкоджати цьому злиттю. У дедалі глобалізованішому ринку наші компанії повинні зростати, щоб ефективно конкурувати. Більша компанія буде ефективнішою та конкурентоспроможнішою на світовій арені."
#,Merger_1,Заблокувати злиття,"Вся суть вільного ринку базується на конкуренції. Дозволити цим двом компаніям злитися — означає зменшити конкуренцію та вибір для споживачів, а також неминуче призведе до звільнень. Це ще один приклад того, як уряд захищає великий бізнес і забуває про «маленьку людину». Малі підприємства й профспілки закликають заблокувати злиття."
#,OilDrilling,Можливість буріння нафти,"Нафтокомпанії прагнуть отримати дозвіл на буріння в частині країни, що є заповідником дикої природи. Запаси нафти під заповідником значні, але буріння матиме негативний вплив на довкілля."
#,OilDrilling_0,Дозволити буріння,"Тут, на нашій землі, лежать буквально мільярди барелів нафти, і чинні закони забороняють нам її добувати. Натомість ми імпортуємо нафту. Екологічний вплив буде мінімальним, особливо якщо порівняти з вигодами для енергетичної безпеки. Ніхто не хоче псувати природу, але альтернатива — залежність від іноземної нафти."
#,OilDrilling_1,Заборонити буріння,"Цей цінний заповідник буде спустошено через видобуток нафти. Це одна з великих національних природних пам'яток, і було б злочином зруйнувати її задля збільшення внутрішнього видобутку. Буріння тут не усуне повну залежність від іноземної нафти, але знищить природу для майбутніх поколінь."
#,PeopleSmuggling,Нелегальне перевезення людей,"Велику кількість людей затримано при спробі в’їхати в країну, сховавшись у вантажних контейнерах, у межах організованої схеми контрабанди людей. Злочинців, які організували це, заарештовано, але точиться суперечка щодо того, чи потрібно депортувати цих людей назад."
#,PeopleSmuggling_0,Дозволити їм залишитися,"Є вагомі докази, що ці люди намагалися втекти від переслідувань, бідності або навіть смерті у своїх країнах. Вони настільки відчайдушні, що вдалися до такого ризикованого шляху. Було б нелюдяно депортувати їх тепер, коли вони вже тут."
#,PeopleSmuggling_1,Депортувати їх,"Дозволити їм залишитися — означає подати неправильний сигнал людям, які хочуть потрапити сюди нелегально. У нас і так достатньо проблем з нелегальними економічними мігрантами. Як би сумно це не було, єдиний розумний вибір — відправити їх назад."
#,POSITIVE DISCRIMINATION,Позитивна дискримінація,"Лунають заклики ухвалити закон, що прямо встановлює квоти на працевлаштування етнічних та інших меншин у великих корпораціях і державних установах. Це покладе на компанії обов’язок надавати пріоритет деяким кандидатам на основі їхньої раси, статі чи віку."
#,POSITIVE DISCRIMINATION_0,Прийняти закон,"Нам потрібен цей закон. З економічної точки зору абсурдно робити людей певного віку або старших «непрацевлаштовуваними». А з точки зору прав людини — це необхідна компенсація за роки дискримінації етнічних меншин, жінок, літніх людей та людей з інвалідністю."
#,POSITIVE DISCRIMINATION_1,Відхилити закон,"Цей закон глибоко хибний. Немає сенсу боротися з дискримінацією шляхом дискримінації. Це створює дві проблеми: члени меншин можуть відчувати, що вони отримали роботу не за заслуги, а ті, кого відхилили, будуть відчувати образу."
#,Powerlines,Лінії електропередач,"Розлючені громадяни протестують проти проєкту побудови ліній електропередач через їхні села. Ці лінії потрібні для подальшого збільшення використання відновлюваної енергії. Їхня відмова від будівництва зашкодить економіці, але якщо ігнорувати людей, вони стануть ще злішими й рішучіше підтрима ють протест."
#,Powerlines_0,Будувати лінії електропередач у будь-якому випадку,"Ніхто не хоче ліній електропередач поруч зі своїми будинками, але їх потрібно будувати десь. А до недавнього часу ці ж люди вимагали більше чистої енергії. ЛЕП буде побудовано."
#,Powerlines_1,Зупинити будівництво,"Є альтернативи, як-от підземні лінії. І є твердження, що здоров’я тих, хто живе поруч із ЛЕП, може бути під загрозою. Краще перестрахуватися."
#,PublicLandLaw,Закон про державну землю,"Більша частина нашої країни досі у приватній власності, і доступ до цієї землі обмежується її власниками. Активно ведеться кампанія за закон, який змусить власників землі дозволяти людям гуляти по ній за певних правил."
#,PublicLandLaw_0,Заблокувати цей закон,"Приватна власність є приватною. Це основа приватної власності та капіталізму. Якщо власники хочуть обмежувати доступ — це їхнє право. Це не що інше, як замаскована класова війна від невдоволених соціалістів."
#,PublicLandLaw_1,Підтримати закон,"Це божевілля — мати так багато відкритої й часто невикористовуваної землі у приватних руках, поки наші міста переповнені. Цей закон дозволить усім громадянам насолоджуватися красою природи, при цьому зберігаючи право власності та привілеї власника. Гарний компроміс."
#,PublicRightsOfWay,Розширити права громадського користування,"У міру того, як ми будуємо більше житла, відкриті землі, що використовувалися туристами й мандрівниками, дедалі частіше закриваються й оголошуються приватною власністю. Соціалістичні активісти протестують проти цих змін і вимагають розширення захищених «публічних стежок»."
#,PublicRightsOfWay_0,Не вживати жодних заходів,"Приватна земля є приватною, незалежно від того, чи це фермерська земля, промислова чи чиїсь сад або подвір’я! Ідея про те, що якщо люди багато років ходили певною стежкою, то тепер вони мають право й надалі ходити там — абсурдна. Є достатньо громадських доріг і парків, якими можна користуватися."
#,PublicRightsOfWay_1,Розширити права громадського користування,"Багато нашої країни зараз є приватною власністю, і доступ людей до відкритої природи тривожно обмежений. Чи має для фермера значення, якщо кілька пішоходів чи туристів інколи перетинають його землю по позначеній стежці? Ми повинні забезпечити, щоб відкриті простори та пішохідні стежки були легко доступні для всіх."
#,PUBLIC SMOKING BAN,Заборона куріння в громадських місцях,"Існує низка підозрюваних зв’язків між курінням і поганим здоров’ям. Активісти закликають заборонити будь-яке куріння у громадських місцях, щоб спонукати курців кинути палити."
#,PUBLIC SMOKING BAN_0,Заборонити куріння в громадських місцях,"Це важливий крок до зменшення кількості людей у країні, які помирають від хвороб, пов’язаних із курінням. Обов’язок держави ухвалювати закони на користь здоров’я населення."
#,PUBLIC SMOKING BAN_1,Залишити закон без змін,"Не справа держави казати людям, як їм жити. Це повна надреакція та напад на громадянські свободи. Курити легально, тож люди повинні мати свободу робити це у громадських місцях. Люди повинні мати свободу приймати власні рішення щодо свого здоров’я."
#,ReasonableForceLaw,Закон про розумне застосування сили,"Нещодавня судова справа, у якій чоловік із села застрелив підлітка-злодія у власному будинку, висвітлила закон про «розумну силу» при захисті майна, адже домовласника було переслідувано за ненавмисне вбивство."
#,ReasonableForceLaw_0,Посилити визначення розумного застосування сили,"Ніхто не має права забирати життя іншого, навіть захищаючи своє майно. Людське життя завжди важливіше за майно. Ми можемо не відчувати великої симпатії до злодія, але дозволяти людям насильно брати закон у свої руки — точно не вирішення проблеми."
#,ReasonableForceLaw_1,Розширити визначення розумного застосування сили,"Очевидно абсурдно, що наляканий чоловік, далеко від поліції, атакований злочинцем у власному домі, буде заарештований чи обвинувачений, навіть якщо злочинець загине. Необхідно чітко визначити, що кожен громадянин має право використовувати силу для захисту свого майна, незалежно від наслідків."
#,ReasonableForceLaw_2,Беззаперечне право захищати власність.,"Ми повинні чітко показати, що поліція закриватиме очі на будь-які засоби, якими домовласники захищають себе. Якщо якийсь злодій отримає кулю в чужій кухні — це просто карма."
#,ReligiousSymbols,Релігійні символи в школах,"Існує тиск, щоб ухвалити закон, який забороняє носіння релігійних символів у державних школах учнями. Це включає носіння хіджабу дівчатами-мусульманками та носіння хреста християнськими учнями."
#,ReligiousSymbols_0,Ввести заборону,"Школа — місце для навчання дітей, а не демонстрації релігійної приналежності. Забезпечивши однаковий одяг для всіх учнів, ми гарантуємо рівність і інтеграцію всіх релігій без дискримінації. Це логічне продовження принципу відокремлення релігії від держави. Люди вільні одягатися як їм подобається у церквах чи мечетях, але не в державних школах."
#,ReligiousSymbols_1,Відхилити заборону,"Це не що інше, як дискримінація мусульман. Ніхто насправді не очікує, що цей закон використовуватиметься проти християнських хрестів — він існує лише як привід заборонити мусульманським учням носити одяг на свій смак. Це призведе до поділу та сегрегації і стане рецептом релігійної напруги у школах."
#,RoyalScandal,Королівський скандал,"Відомого члена королівської родини звинуватили у проведенні підозрілого часу з засудженим сексуальним злочинцем, незважаючи на відомі факти його минулого. Це описують як, у найкращому разі, «поганий суджень», а в гіршому — глибоко підозріло. Як уряд відреагує?"
#,RoyalScandal_0,Підтримати монарха,"Ніхто не очікує, що уряд відкрито критикуватиме монарха. Це, ймовірно, призведе до серйозних конституційних проблем і буде вважатися непатріотичним. Ми повинні зробити заяву, що це лише звинувачення, а не факт, і що це просте «винуватість за асоціацією»."
#,RoyalScandal_1,Критикувати монарха,"Як ми можемо просто стояти осторонь і мовчати? Ніхто не очікує, що уряд закликатиме до скасування монархії, але принаймні доречно зробити різко сформульовану заяву, що така поведінка є «неприйнятною», незалежно від думки роялістів і патріотів."
#,RuleOutFirstStrike,Виключити перший удар,"Зброя масового ураження теоретично є зброєю останньої інстанції і працює виключно як стримуючий фактор. З огляду на це, існує тиск на вас публічно зобов’язатися не застосовувати її першими."
#,RuleOutFirstStrike_0,Виключити перше удару,"Це просто публічний спосіб повторити мету володіння такою зброєю. Ми не маємо експансіоністських планів, тож така зброя існує лише для оборони, стримуючи агресію інших країн. Це також стимулює інших робити те саме і може призвести до зменшення міжнародної напруженості та більш безпечного світу."
#,RuleOutFirstStrike_1,Не коментувати,"Було б безглуздо зв’язувати руки нашим військовим, оголошуючи стратегію світу. Очевидно, що потенційні вороги не поспішають робити такі гучні заяви. Якщо вони хочуть виключити перший удар, нехай починають першими. Ми не маємо квапитися."
#,SafeguardOilSupplies,Захист поставок нафти,Представники нафтових компаній нашої країни попросили уряд розмістити війська за кордоном на наших нафтових заводах на Близькому Сході для захисту від терористичних атак. Уряди цих країн не проти розміщення наших військ на їхній території з цією метою.
#,SafeguardOilSupplies_0,Надіслати війська,"Ось для чого у нас є армія, і ми не повинні боятися її використовувати. Іноземні терористи повинні розуміти, що ми готові рішуче діяти для захисту наших нафтових запасів. Це не «іноземне вторгнення», а просто надання додаткової безпеки важливим частинам нашої промисловості за кордоном. Якщо ми не відправимо війська, постачання нафти постраждає."
#,SafeguardOilSupplies_1,Не розгортати війська,"Неважливо, яка наша мотивація, символіка висадки наших військ на чужій території, озброєних і готових застосувати смертельну силу, спричинить серйозну негативну реакцію в деяких країнах. Це, ймовірно, призведе до проблем у міжнародних відносинах і потенційного збільшення тероризму. Наші війська — не охорона нафтових компаній, і це не їхня робота."
#,SchoolSponsorship,Спонсорство шкіл,Декілька великих корпорацій висловили зацікавленість у інвестуванні в нашу шкільну систему. Від безкоштовних підручників до повноцінних спортивних центрів пропонується в обмін на брендинг та рекламні можливості.
#,SchoolSponsorship_0,Дозволити спонсорство,"Було б безглуздо відмовитися від пропозиції безкоштовних навчальних матеріалів. Уряд не може забезпечити сучасні об’єкти, які ці компанії готові побудувати у наших школах. Наявність логотипів компаній на шкільних підручниках — незначна ціна за таку велику інвестицію в освіту."
#,SchoolSponsorship_1,Заборонити спонсорство,"Наші школи — це місце для навчання дітей, а не для промивання їм мізків щодо того чи іншого бренду газованих напоїв. Реклама всюди в суспільстві, а школи — одне з останніх місць, де ми можемо від неї втекти. Не пускаймо великий бізнес у освіту!"
#,SharedParentalLeave,Спільна відпустка для батьків,"Традиційно оплачувана відпустка по догляду за дитиною була тільки для матері, але є пропозиція зробити її спільною, щоб час можна було розподілити між обома батьками. Це вважається кроком до гендерної рівності."
#,SharedParentalLeave_0,Залишити тільки для матерів,"У цьому немає жодної потреби. Це лише ускладнює надання відпустки по догляду за дитиною, і переважна більшість батьків погоджуються, що саме мати є найкращою особою, яка може взяти час для догляду за новонародженою дитиною. Це нічого іншого, як потурання агенді, що намагається видавати за відсутність відмінностей між статями."
#,SharedParentalLeave_1,Дозволити спільну відпустку,"Цілком логічно, що зараз рішення про те, який з батьків використає оплачувану відпустку після народження дитини, повинні приймати самі батьки, а не держава. Ми більше не живемо у світі, де все виховання здійснює лише мати, а нинішня система — просто сексистська спадщина застарілих поглядів."
#,SingleUsePlasticBan,Заборона одноразового пластику,"Шок від кількості пластикового забруднення у нашому водопостачанні, океанах і навіть у повітрі, яким ми дихаємо, призвів до закликів учених повністю заборонити одноразовий пластик, щоб взяти під контроль проблему пластикового забруднення."
#,SingleUsePlasticBan_0,Заборонити одноразовий пластик,"Абсолютно безглуздо дозволяти компаніям використовувати пластикову упаковку, яка використовується лише один раз, але може розкладатися сотні років і навіть тоді потрапляти у наше водопостачання. Існують інші матеріали, і лише державне законодавство переконає компанії робити правильний вибір і переходити на більш стійкі продукти."
#,SingleUsePlasticBan_1,Дозволити одноразовий пластик,"Це звучить як легка популярна зміна, але вплив на промисловість буде величезним. Подобається це чи ні, ми звикли до дешевих одноразових пластикових виробів у багатьох сферах життя. Заборона призведе до величезних витрат і регуляторного пекла для малих підприємств і стане економічним кошмаром. Тим часом іноземні компанії користуватимуться ними як зазвичай."
#,SpeedLimits,Обмеження швидкості,"Велика група автомобілістів лобіювала підвищення швидкісних обмежень на наших основних дорогах. Ці обмеження були встановлені багато років тому, а швидкість та гальмівні характеристики автомобілів покращилися з того часу."
#,SpeedLimits_0,Підвищити обмеження швидкості,"Ми відійшли від часів, коли люди йшли з червоними прапорами перед автомобілями. Національні обмеження швидкості надто низькі, і їх широко ігнорують. Ми не можемо ефективно їх забезпечувати, і поки обмеження не приведені до розумних значень, це лише заохочує порушення закону. Потрібно негайно підвищити обмеження."
#,SpeedLimits_1,Без змін,"Обмеження швидкості існують не просто так. На наших дорогах і так гине достатньо людей, і швидкість часто впливає на виживання у ДТП. Хоча люди і порушують обмеження, його підвищення зараз лише стимулюватиме небезпечне водіння. Залишимо як є."
#,SQUATTERS RIGHTS,Права сквотерів,"Великий порожній будинок у одному з найкращих районів столиці захопили бездомні. Будинок роками не використовувався, і юристи сперечаються, чи мають «сквотери» право залишитися на цій власності. Власник хоче їх виселити."
#,SQUATTERS RIGHTS_0,Надати майно сквотерам,"Якщо люди стали настільки заможними, що можуть володіти кількома будинками та залишати деякі порожніми, а в той час у нас є громадяни, яким ніде жити, то справедливо, що ці будинки використовуватимуть за призначенням. Очевидно, що власник не потребував цієї власності багато років, і її слід легально передати мешканцям."
#,SQUATTERS RIGHTS_1,Виселити сквотерів,"Це небезпечний прецедент, якщо фактично віддавати чужу власність злодіям. Якщо власник достатньо заможний, щоб мати порожні будинки, це його рішення. Ніхто не заважає «сквотерам» накопичити кошти та купити будинок легально, як це зробив власник. Висилайте поліцію і видаляйте цих людей."
#,STOP AND SEARCH POLICE POWERS,Зупиняти та обшукувати,"Поліція вимагає права зупиняти та перевіряти людей на вулиці, якщо вони підозрюють, що особа може бути винною у злочині. Наразі поліція не може обшукувати без офіційного арешту."
#,STOP AND SEARCH POLICE POWERS_0,Ввести повноваження,"Це цінна зброя у боротьбі зі злочинністю і повинна мати помітний ефект на насильницькі та вуличні злочини. Якщо нашим громадянам нічого приховувати, їм нема чого боятися цього закону."
#,STOP AND SEARCH POLICE POWERS_1,Залишити без змін,Це дуже небезпечний крок. Він відкритий до зловживань на расовому ґрунті і ще більше віддаляє поліцію від громади. Наші громадяни повинні вільно займатися своїми законними справами без втручання влади!
#,Streamer,Стрімер пропонує пісню на день народження,"Популярний інтернет-стрімер пропонує заспівати для вас на день народження публічно. Вона відома своїми міні-сукнями та піснями для дорослих, що робить її популярною серед молоді."
#,Streamer_0,Прийняти пропозицію,"Це велика честь і допоможе вам здобути популярність серед молоді по всій країні. Лише сподіваємося, що буде холодно і вона одягне щось менш відверте, ніж зазвичай."
#,Streamer_1,Відхилити пропозицію,"Вона може бути відомою та успішною, але явно не є прикладом для нашої молоді. Тримаймо це святкування скромним і порядним, зосередившись на важливих політичних питаннях."
#,StricterDrivingTests,Більш суворі іспити на водіння,"Існують заклики посилити режим водійських іспитів, щоб нові водії були краще підготовлені до умов на дорозі та для підвищення безпеки."
#,StricterDrivingTests_0,Посилити іспити,"Нинішній іспит на водійські права, можливо, був прийнятним, коли автомобілі їхали зі швидкістю 20 миль на годину і до того, як з’явилися шестисмугові шосе, але часи змінилися. Водії дедалі частіше відволікаються на мобільні телефони і можуть керувати надзвичайно швидкими автомобілями в будь-яких погодних умовах майже без досвіду. Заради численних дітей, що щороку гинуть під колесами, нам потрібні суворіші тести."
#,StricterDrivingTests_1,Не змінювати,"Немає потреби у змінах. Насправді автомобілі стають безпечнішими щороку завдяки сучасним технологіям, таким як системи виявлення зіткнень та безпеки при аваріях. Іспит і так вже дорогий і займає багато часу. Це лише ускладнить життя нових молодих водіїв."
#,SupportDemocracyProtesters,Підтримати протестувальників за демократію,"На вулицях іноземної країни, що має історичні зв’язки з нами, відбуваються протести. Ми ведемо з цією країною багато прибуткової торгівлі, але їхній уряд авторитарний, і ми стикаємося з тиском щодо відкритої підтримки вуличних протестувальників."
#,SupportDemocracyProtesters_0,Підтримати протестувальників,"Чи ми віримо у демократію, чи ні? Тут усе просто. Якщо уряд демонструє авторитарні тенденції, і ми вважаємо, що протестувальники мають рацію, ми повинні стояти на своїх принципах і підтримувати їх, а не мовчати заради вигоди у торгівлі."
#,SupportDemocracyProtesters_1,Не коментувати,"Ми були б обурені, якби в нашій країні пройшли протести (як у всіх демократіях), а іноземні лідери відкрито підтримували протестувальників проти нашого уряду. Це серйозно погіршило б дипломатичні відносини з торговим партнером, якщо ми стали б на бік відносно невеликої кількості протестувальників."
#,SurgicalStrikes!,Хірургічні удари!,"Терористи на Близькому Сході почали нападати на важливі трубопроводи, що належать нашим компаніям і які непрямо постачають нам паливо. Армія хоче провести точкові удари по обраних цілях для захисту нашого постачання нафти."
#,SurgicalStrikes!_0,Наказати хірургічні удари,"Тероризм є реальною загрозою, а зростання цін на нафту обмежує економічне зростання. Ми маємо засоби для дестабілізації терористичних операцій без ризику для життя наших солдатів. Ми повинні діяти зараз і не дати терористам здобути перевагу."
#,SurgicalStrikes!_1,Не втручатися,"Проблеми в цьому регіоні мають економічні та соціальні причини, які не вирішуються бомбардуванням терористичних лідерів. Наземна війна і подальше відновлення — дорожчий, але ефективніший спосіб вирішити проблеми регіону."
#,TestBanTreaty,Договір про заборону ядерних випробувань,"Організація Об’єднаних Націй тисне на вашу країну, щоб підписати договір, що забороняє нам проводити будь-які випробування ядерної зброї в наукових цілях. Багато інших країн уже підписали договір і чинять дипломатичний тиск на нас."
#,TestBanTreaty_0,Підписати договір,"Нам насправді не потрібно проводити додаткові випробування, бо нинішнє покоління зброї працює і є достатньо потужним. Підписання договору задовольнить екологічні організації і підвищить нашу популярність на міжнародній арені."
#,TestBanTreaty_1,Не підписувати договір,"Вкрай важливо зберегти право на обмежене тестування. Ми живемо у небезпечному світі, і наш ядерний стримуючий потенціал життєво необхідний для оборони. Інші країни не мають права диктувати нам, як обороняти себе. Крім того, тестування потрібне, щоб переконатися, що наша зброя залишилася придатною."
#,TortureDeportation,Тортури Депортація,"Поліція заарештувала шахрая, який перебуває в нашій країні незаконно. За нормальних обставин його можна було б депортувати назад до країни походження. Чоловік стверджує, що, якщо його відправити назад, уряд, ймовірно, буде його катувати."
#,TortureDeportation_0,Депортувати його,"Цей чоловік винен сам у своїй ситуації. Він прибув сюди незаконно і займався злочинною діяльністю з моменту прибуття. Якби він подав на політичний притулок при прибутті і не розпочав кримінальне життя, справа була б іншою. В таких обставинах ми повинні ставитися до його заяв про катування з обережністю."
#,TortureDeportation_1,Залишити його тут,"Очевидно, що цей чоловік навряд чи є зразковим громадянином, але жоден шахрай не заслуговує катування. Якщо ми принципово проти катувань, то, незважаючи на його минуле, ми повинні переконатися, що не беремо участі в тортурах, відправляючи його додому. Депортація може фактично стати смертним вироком."
#,ToxicWasteDump,Звалище токсичних відходів,"Висунуто пропозицію побудувати великий токсичний полігон у нашій країні. Цей об’єкт буде дуже великим, потенційно створюючи багато робочих місць під час будівництва, але є занепокоєння щодо його впливу на навколишнє середовище."
#,ToxicWasteDump_0,Дозволити звалище,"Ніхто не хоче мати токсичні відходи у себе на подвір’ї, але було б нерозумно відмовлятися від економічних вигод від створення цього об’єкта, не кажучи вже про робочі місця. Крім того, ми можемо розташувати полігон у сільській місцевості, де потрібні робочі місця, і ризики мінімальні."
#,ToxicWasteDump_1,Заборонити будівництво,"Не важливо, скільки робочих місць і грошей залучено, ми не можемо ставитися до нашої країни як до сміттєвого полігону для інших держав. Наслідки токсичних відходів можуть тривати поколіннями, чи справді ми хочемо залишити такий спадок нашим дітям?"
#,TradeAgreement,Торговельна угода,"Група західних країн започаткувала ініціативу щодо створення нової торгової угоди, що регулює тарифи, квоти та інші торговельні обмеження. Цей контракт має на меті не дати країнам, що розвиваються, наздогнати нас і забезпечити світове економічне домінування за рахунок глобальної рівності."
#,TradeAgreement_0,Підписати угоду,"Наша економіка відчуває тиск нових гравців на світовому ринку. Ми повинні зміцнити зв’язки зі старими друзями, щоб вийти переможцями в новому ворожому економічному середовищі."
#,TradeAgreement_1,Відмовитися підписувати угоду,"Ця угода підтримує нашу економіку за рахунок глобальної справедливості. Зараз не час думати лише про себе, а потрібно вітати нових гравців на світовій арені з відкритими обіймами."
#,TransgenderMilitaryBan,Заборона трансгендерів у збройних силах,"У нас тепер є перший відкрито трансгендерний військовослужбовець. На жаль, ці солдати стали центром запеклої культурної війни між групами, які закликають вас схвалити або заборонити трансгендерів у збройних силах."
#,TransgenderMilitaryBan_0,Заборонити трансгендерів у збройних силах,"Якщо існують будь-які побоювання, що це вплине на ефективність або безпеку наших військ, то це має бути пріоритетом. Це не арена для дешевих політичних балів. Патріотичні трансгендерні громадяни вітаються у війську, але не на передових бойових позиціях."
#,TransgenderMilitaryBan_1,Підтримати трансгендерів у збройних силах,"Насправді важливою для солдата є його професіоналізм, лояльність і патріотизм. Ідея, що трансгендерні солдати — це погано, абсурдна. Ми повинні відкрито підтримувати всіх наших військових, незалежно від статі."
#,TRAVELLERS RIGHTS,Права мандрівників,"Місцева рада нещодавно знесла кілька старих покинутих будинків, залишивши пустир для мандрівників, щоб вони могли ставити свої каравани, місцеві жителі обурені і хочуть їх переселити, рада не впевнена, які права мають ці люди, і звернулася до уряду за роз’ясненням національної політики."
#,TRAVELLERS RIGHTS_0,Дозволити мандрівникам залишатися,"Кожен має право жити десь, включно з цими мандрівниками. Немає доказів, що вони створюють проблеми, це просто випадок непорозуміння щодо способу життя мандрівних людей."
#,TRAVELLERS RIGHTS_1,Виселити мандрівників,Ви повинні підтримати місцевих жителів. Ці мандрівники вторглися на приватну власність і розгнівали місцеві родини. Це неприпустимо. Ви не можете дозволити невеликій групі людей порушувати спокій мирних громад.
#,ViolentVideoGames,Жорстокі відеоігри,"У пресі виникли занепокоєння щодо впливу жорстоких відеоігор на молодь у країні. Деякі з цих ігор описуються як «симулятори вбивств», і були припущені зв’язки між іграми та насильством. Пропонується заборонити певні ігри та обмежити продаж інших особам старше 18 років."
#,ViolentVideoGames_0,Залишити без змін,"Є мало доказів прямого зв’язку між відеоіграми та насильством. Насправді можливо, що вони діють як катарсис і навіть запобігають прояву насильства у молоді. Це імпульсивна реакція людей, що шукають просте рішення для проблеми насильства, яке існувало задовго до появи першої відеогри."
#,ViolentVideoGames_1,Цензурувати ігри,"Можливо, прямого доказу немає, але не потрібно грати у багато таких ігор, щоб зрозуміти, як їхній вплив на вразливу молодь може негативно впливати на суспільство. Відеоігри — інтерактивне середовище, і вони, ймовірно, мають більш прямий ефект на вразливі розуми, ніж пасивні розваги, такі як книги, телебачення чи фільми. Потрібно щось робити."
#,ViolentVideoGames_2,Додати попереджувальні написи,"Заборона — це занадто радикально, але важливо, щоб батьки мали всю необхідну інформацію, щоб оцінити, наскільки конкретна гра підходить для їхніх дітей. Система попереджень на коробках або на вебсайтах, що продають ігри, має бути достатньою."
#,Whaling,Китобійний промисел,"Перед урядом стоїть резолюція про повторне введення невеликомасштабного комерційного промислового китобійства у наших водах. М’ясо китів є цінним місцевим делікатесом, а комерційне китобійство створило б багато робочих місць."
#,Whaling_0,Відновити китобійний промисел,"Кити споживають величезну кількість риби і можуть бути причиною падіння улову, що впливає на нашу економіку. Китобійство також надасть економіці бажаний стимул. Не всі види китів є під загрозою зникнення, і комерційне китобійство можна проводити без ризику вимирання."
#,Whaling_1,Зберегти заборону,"Кити загалом вважаються одними з найрозумніших не людських видів на Землі, вони займають ключове місце у водній харчовій ланці і, тим не менш, їх майже винищили. Відновлення комерційного китобійства було б надзвичайно руйнівним, а також може призвести до зниження туристичного потоку. Ми повинні зосередитися на спостереженні за китами, а не на їхньому полюванні."
#,Whistleblower,Інформатор,"Контрактор служби безпеки розкрив кілька документів, що проливають світло на темні сторони війни з терором. Чи слід притягти її до відповідальності і зробити все можливе, щоб покарати, чи реформувати службу безпеки і припинити використання методів, на які вона скаржиться?"
#,Whistleblower_0,Притягнути до відповідальності!,"Навіть якщо обвинувачення є правдивими, ми повинні захищати національні інтереси. Громадськість може не розуміти, чому ми змушені використовувати такі методи у війні з терором, але мета виправдовує засоби."
#,Whistleblower_1,Реформувати секретну службу!,"Практики, розкриті Стейсі Вокер, дійсно недостойні розвиненої країни. Ми повинні уникати таких методів у майбутньому і подякувати Стейсі Вокер за демонстрацію громадянської мужності."
#,WhitewashSchoolHistoryBooks,Переписати шкільні підручники з історії,"Багато підручників з історії, що використовуються у школах, застаріли і відображають досить оптимістичний погляд на минуле нашої країни та її досягнення. Активісти пропонують суттєві зміни у викладанні історії, щоб оцінювати минуле сучасним поглядом."
#,WhitewashSchoolHistoryBooks_0,Переписати підручники,"Дуже шокує, наскільки застарілі підручники упереджені. Судячи з цих книг, наша історія підозріло чоловіча, расово чиста і бездоганна, тоді як ми знаємо, що реальна картина зовсім інша. Ми не можемо продовжувати відбілювати нашу історію і навчати дітей тому, що не відповідає правді."
#,WhitewashSchoolHistoryBooks_1,Залишити підручники без змін,"Це просто провина середнього класу, який намагається переписати історію. Ви не можете оцінювати великих державних діячів і військових лідерів минулого через призму сучасного мислення. Суспільство тоді було іншим, і їхня поведінка була цілком прийнятною для того часу. Який уряд переписує нашу горду історію?"
#,USAOilPipeline,Схвалити новий нафтопровід,"Пропонується трубопровід, що з’єднає великі нафтові родовища в Канаді з нафтопереробними заводами в Іллінойсі та Техасі, для якого потрібне схвалення федерального уряду. Трубопровід є суперечливим, бо він збільшить видобуток нафти, прискорить зміну клімату і перетинає території кількох племен корінних американців."
#,USAOilPipeline_0,Схвалити нафтопровід,"Жоден великий інфраструктурний проект не був би схвалений, якби уряд поступався кожному протесту. Погодьтеся чи ні, економіка потребує викопного палива, і є докази, що цей розвиток знизить ціни на нафту та створить економічне зростання. Що важливіше? Економіка чи думки відносно невеликої групи затятих еко-протестувальників?"
#,USAOilPipeline_1,Скасувати нафтопровід,"Чи є справжні підстави для збільшення споживання викопного палива прямо зараз? Ми повинні інвестувати в відновлювану енергію, а не видобувати більше нафти. І яке ми маємо право руйнувати священні землі корінних племен лише для ефективного транспортування канадської нафти?"
#,GermanyDieselgate,Скандал з викидами дизельного палива,"Скандал викрив, що багато найбільших і найпрестижніших автомобільних компаній країни відверто брехали про викиди своїх дизельних автомобілів у вигідній схемі шахрайства. Як поліція повинна реагувати на цей надзвичайно резонансний випадок?"
#,GermanyDieselgate_0,Зменшити важливість справи,"Ця справа перебільшується. Можна накласти штрафи, автомобілі повторно протестувати і виправити дані про викиди. Декілька надмірно старанних інженерів трохи переступили правила, але це не новина."
#,GermanyDieselgate_1,"Ув'язнити керівників, якщо це можливо","Не викликає сумніву, що керівники компаній знали про ситуацію, і ми повинні чітко дати зрозуміти, що закон застосовується однаково до всіх. Це може не сподобатися власникам бізнесу, але для збереження міжнародної репутації потрібно дати приклад шахраям."
#,AustraliaAboriginalMining,Видобуток корисних копалин на землях аборигенів,"Пропонується розробка великого рудника у Північній території. Рудник створить багато робочих місць і значно посилить економіку, але власність на землю оскаржується, активісти з прав аборигенів вимагають зупинити розвиток."
#,AustraliaAboriginalMining_0,Схвалити видобуток,"Ви не можете зупиняти всю економічну діяльність через давні претензії на землю. Нам потрібні робочі місця, і ми повинні показати, що країна підтримує бізнес."
#,AustraliaAboriginalMining_1,Заборонити видобуток,"Цілком неприйнятно дозволяти розробку цієї землі. Претензії аборигенів на власність мають бути поважані, як би це не було незручно для економіки."
#,AustraliaAboriginalMining_2,Розділити право власності на видобуток,"Не потрібно займати крайні позиції. Ні, ми не повинні стояти на заваді економічному розвитку, але претензії на землю реальні, і аборигени мають отримати справедливу компенсацію. Рудник може бути побудований, якщо 10% прибутку від нього буде назавжди передано власникам корінних земель."